first_name,last_name,email,gender,ip_address,address
Janice,Saill,jsaill0@time.com,Female,159.159.159.184,Room 280
Gardy,Heselwood,gheselwood1@multiply.com,Male,245.66.10.239,PO Box 18517
Jephthah,Acres,jacres2@domainmarket.com,Male,119.181.6.34,Room 1205
Jamil,Lago,jlago3@cnn.com,Male,97.66.20.171,Room 1032
Jaimie,Buffham,jbuffham4@smh.com.au,Male,29.215.202.4,PO Box 67938
Jackqueline,Traves,jtraves5@yahoo.co.jp,Female,162.4.144.243,12th Floor
Illa,Offiler,ioffiler6@hc360.com,Female,53.188.174.14,PO Box 5751
Barry,Kinglesyd,bkinglesyd7@arstechnica.com,Polygender,67.251.8.139,PO Box 26877
Pierson,Palliser,ppalliser8@nih.gov,Male,99.9.63.187,PO Box 22914
Nancie,Sibylla,nsibylla9@mtv.com,Female,25.160.238.22,Room 1947
Lynnett,Tanti,ltantia@sphinn.com,Female,88.190.235.180,Room 1662
Westleigh,Taffs,wtaffsb@mysql.com,Male,134.131.215.57,PO Box 51844
Calhoun,Tindley,ctindleyc@paginegialle.it,Male,26.232.60.98,Apt 1219
Frasier,Hallawell,fhallawelld@bigcartel.com,Genderqueer,203.164.136.171,19th Floor
Freemon,Lucian,fluciane@xing.com,Male,32.229.145.113,3rd Floor
Alejoa,Wippermann,awippermannf@cnbc.com,Male,94.233.26.210,Apt 1543
Halsey,Buckham,hbuckhamg@oakley.com,Male,169.61.157.40,Suite 8
Drusie,Parfrey,dparfreyh@altervista.org,Female,65.19.153.126,Room 1780
Kristan,Curm,kcurmi@fastcompany.com,Female,110.175.188.120,Room 295
Diena,Moultrie,dmoultriej@google.de,Female,86.228.74.145,PO Box 71674
Salaidh,Crapper,scrapperk@bluehost.com,Female,75.92.5.63,PO Box 41489
Herby,Beet,hbeetl@weather.com,Male,98.118.162.249,13th Floor
Monte,Fantham,mfanthamm@edublogs.org,Male,81.47.93.142,Apt 1259
Hilliard,Essex,hessexn@yellowbook.com,Male,212.0.74.160,Suite 77
Jemmie,Kindleside,jkindlesideo@sitemeter.com,Female,178.127.40.220,16th Floor
Brear,Spurling,bspurlingp@mlb.com,Female,25.144.92.149,15th Floor
Lefty,Gibby,lgibbyq@ox.ac.uk,Male,199.117.135.7,Suite 77
Cleo,Redford,credfordr@imageshack.us,Female,110.210.254.54,PO Box 44697
Marlon,Parfrey,mparfreys@cdbaby.com,Male,239.99.28.165,Suite 37
Em,Doward,edowardt@stumbleupon.com,Male,147.173.44.236,Room 1514
Sib,Neagle,sneagleu@sbwire.com,Female,172.135.149.232,PO Box 77769
Ailyn,Daniellot,adaniellotv@ucoz.ru,Female,119.229.201.46,Room 786
Heindrick,Tettley,htettleyw@blog.com,Male,15.120.184.7,Suite 6
Arvie,Basten,abastenx@scribd.com,Male,93.73.39.128,PO Box 32758
Fremont,McLurg,fmclurgy@lycos.com,Male,5.182.40.41,Suite 67
Finley,Ahrens,fahrensz@slashdot.org,Bigender,53.136.59.212,Apt 1985
Edd,Draycott,edraycott10@usgs.gov,Male,12.72.104.29,Apt 1552
Josiah,Gaddas,jgaddas11@ycombinator.com,Male,219.70.192.141,Apt 454
Nero,Eaddy,neaddy12@yolasite.com,Male,8.32.155.183,Apt 907
Leonidas,McDougald,lmcdougald13@nationalgeographic.com,Male,114.98.105.85,Suite 37
Arlana,Stadden,astadden14@google.cn,Female,221.250.190.63,Room 1938
Fernandina,MacCallester,fmaccallester15@issuu.com,Female,3.216.213.81,Apt 535
Gray,Clementet,gclementet16@wisc.edu,Male,158.168.171.127,3rd Floor
Shandeigh,Goodlip,sgoodlip17@independent.co.uk,Female,240.146.45.89,Suite 97
Jolee,Standon,jstandon18@list-manage.com,Female,95.82.231.8,PO Box 55904
Perrine,Hook,phook19@toplist.cz,Female,168.213.137.128,Suite 3
Hilarius,Jump,hjump1a@comsenz.com,Male,227.18.46.47,Apt 1346
Milena,Wassung,mwassung1b@sakura.ne.jp,Non-binary,203.233.111.106,15th Floor
Alley,Whitehorn,awhitehorn1c@nba.com,Male,108.32.67.48,Room 410
Reta,Jope,rjope1d@whitehouse.gov,Genderqueer,227.41.103.242,10th Floor
Cam,Reah,creah1e@ibm.com,Male,19.26.11.38,PO Box 38254
Loni,Conibere,lconibere1f@facebook.com,Female,235.45.252.19,Room 424
Ursala,Roostan,uroostan1g@ftc.gov,Female,199.122.50.223,PO Box 6072
Emelia,Tellesson,etellesson1h@squarespace.com,Female,3.104.7.208,4th Floor
Northrop,Jent,njent1i@oracle.com,Male,241.61.169.39,Apt 975
Martino,Eisikowitz,meisikowitz1j@simplemachines.org,Genderqueer,159.91.128.140,PO Box 62294
Gregorius,Lamy,glamy1k@army.mil,Male,101.166.207.196,Room 834
Eli,Gergely,egergely1l@indiegogo.com,Male,239.29.47.204,PO Box 47790
Valida,Driutti,vdriutti1m@census.gov,Female,190.150.114.222,Apt 1175
Corrie,Siggin,csiggin1n@liveinternet.ru,Female,241.102.30.244,Suite 75
Catrina,Lawman,clawman1o@istockphoto.com,Female,142.169.115.9,Suite 62
Minda,Pringuer,mpringuer1p@phoca.cz,Female,18.42.31.201,PO Box 87933
Gaspard,Coaker,gcoaker1q@slideshare.net,Male,196.42.125.160,PO Box 46346
Natal,Hubbis,nhubbis1r@usatoday.com,Male,140.240.80.44,1st Floor
Deloris,Dikelin,ddikelin1s@fda.gov,Female,117.191.143.136,PO Box 86241
Kelbee,Bessell,kbessell1t@reference.com,Male,190.82.184.68,Room 972
Cristionna,Gilderoy,cgilderoy1u@google.nl,Genderfluid,62.210.15.62,Suite 68
Tammara,Serraillier,tserraillier1v@yandex.ru,Female,126.120.36.25,Suite 12
Kylila,Fonte,kfonte1w@jimdo.com,Female,249.137.88.11,PO Box 70709
Kyle,Vice,kvice1x@irs.gov,Female,247.184.159.100,Room 710
Olwen,Amburgy,oamburgy1y@woothemes.com,Female,255.243.43.88,Apt 1400
Babette,Slafford,bslafford1z@ucsd.edu,Genderqueer,130.88.180.17,Suite 94
Dania,Taysbil,dtaysbil20@tamu.edu,Genderqueer,233.58.114.19,Apt 1115
Franciska,Pidwell,fpidwell21@ehow.com,Female,111.130.39.113,Suite 94
Mignonne,Jakeway,mjakeway22@mlb.com,Female,242.131.190.136,Room 708
Jarret,Sooper,jsooper23@example.com,Male,184.118.164.54,Suite 90
Amelina,Oxtarby,aoxtarby24@list-manage.com,Bigender,135.181.188.45,Apt 1092
Billy,Larchier,blarchier25@istockphoto.com,Male,127.64.101.174,Room 281
Austine,Chicken,achicken26@parallels.com,Female,142.176.18.172,Room 169
Bartolemo,Rapo,brapo27@slashdot.org,Male,97.99.182.247,Suite 28
Riccardo,Pietrowicz,rpietrowicz28@hibu.com,Male,110.130.159.22,Apt 891
Oby,Giorgini,ogiorgini29@mapquest.com,Male,203.104.73.126,18th Floor
Alicia,Mourbey,amourbey2a@admin.ch,Female,224.126.88.207,Room 1941
Kittie,Haws,khaws2b@dion.ne.jp,Female,116.220.7.26,Room 440
Jens,Fulun,jfulun2c@dailymail.co.uk,Male,118.93.99.227,PO Box 56466
Cecilius,Matyja,cmatyja2d@i2i.jp,Bigender,104.204.133.26,Suite 32
Marius,D'Aguanno,mdaguanno2e@fda.gov,Male,126.14.195.113,Suite 79
Stefan,Rablin,srablin2f@altervista.org,Male,119.140.149.155,PO Box 44154
Roch,Bewsey,rbewsey2g@aol.com,Female,55.212.44.160,PO Box 81913
Merry,Keling,mkeling2h@irs.gov,Genderfluid,31.83.170.174,13th Floor
Sybyl,Kale,skale2i@ucla.edu,Female,55.24.164.223,Apt 1487
Karlan,Ogelbe,kogelbe2j@phpbb.com,Male,223.137.40.61,PO Box 59938
Vincenty,O'Spellissey,vospellissey2k@cnn.com,Male,113.232.9.223,Apt 559
Chickie,Stooders,cstooders2l@privacy.gov.au,Female,131.198.22.5,Apt 791
Tobey,Jervoise,tjervoise2m@twitter.com,Female,130.85.250.109,Room 1183
Madeline,Constanza,mconstanza2n@usatoday.com,Female,198.34.68.49,Suite 79
Maddy,Carlo,mcarlo2o@tinyurl.com,Female,217.233.161.23,PO Box 53964
Gaylene,Noell,gnoell2p@google.cn,Female,6.238.89.11,PO Box 8012
Maddy,Greiswood,mgreiswood2q@reverbnation.com,Female,145.7.151.28,6th Floor
Franklyn,Bullock,fbullock2r@stanford.edu,Male,70.104.69.122,7th Floor
Larine,Radclyffe,lradclyffe2s@ucsd.edu,Female,247.26.197.14,5th Floor
Gwendolin,Younger,gyounger2t@csmonitor.com,Female,53.90.12.229,Apt 1898
Wini,Brockett,wbrockett2u@parallels.com,Female,235.26.88.248,PO Box 99505
Allene,Boughen,aboughen2v@ucsd.edu,Female,199.198.20.251,Suite 68
Tabby,Pairpoint,tpairpoint2w@domainmarket.com,Bigender,212.15.168.236,6th Floor
Almeta,Camel,acamel2x@livejournal.com,Female,242.42.242.34,Suite 2
Joey,Cattermull,jcattermull2y@sbwire.com,Male,55.13.195.176,PO Box 14562
Briant,Matiewe,bmatiewe2z@addtoany.com,Male,17.234.123.170,Suite 27
Andres,Polleye,apolleye30@diigo.com,Male,67.151.178.35,PO Box 70857
Matelda,Selman,mselman31@yale.edu,Genderfluid,156.209.78.18,PO Box 31418
Parke,MacCahey,pmaccahey32@goo.ne.jp,Male,155.112.216.61,Room 1199
Frannie,Wasielewski,fwasielewski33@soup.io,Male,185.4.55.83,Room 1348
Thibaud,Downgate,tdowngate34@surveymonkey.com,Male,28.102.229.156,Suite 2
Hinze,Tyas,htyas35@booking.com,Male,55.220.2.152,PO Box 14341
Ainslee,Willcox,awillcox36@google.ru,Female,195.206.195.148,7th Floor
Mord,Kippins,mkippins37@gizmodo.com,Male,52.81.191.181,17th Floor
Benedicto,Sangra,bsangra38@issuu.com,Male,113.83.80.104,Apt 1165
Pete,Mercik,pmercik39@ft.com,Male,17.110.8.202,Apt 1979
Quintus,Bosden,qbosden3a@squarespace.com,Male,158.208.26.135,Apt 1814
Tilda,McCay,tmccay3b@illinois.edu,Female,188.148.46.55,Apt 319
Rice,Pickaver,rpickaver3c@list-manage.com,Male,2.170.23.160,PO Box 98245
Ursulina,MacAllister,umacallister3d@oracle.com,Non-binary,22.181.12.156,PO Box 32618
Lisle,Hazeltine,lhazeltine3e@soup.io,Male,11.75.47.141,PO Box 48399
Brietta,Geratt,bgeratt3f@cbc.ca,Female,11.85.25.29,PO Box 88709
West,Hamfleet,whamfleet3g@desdev.cn,Male,70.237.214.84,Suite 68
Gavrielle,Goligly,ggoligly3h@zdnet.com,Genderfluid,45.1.8.18,Suite 32
Ginni,Bernaldez,gbernaldez3i@ucoz.com,Female,79.191.143.209,PO Box 20875
Lucina,Clancy,lclancy3j@drupal.org,Female,17.31.102.37,Room 520
Cleon,Clitheroe,cclitheroe3k@harvard.edu,Male,88.123.93.248,Suite 34
Chalmers,Duval,cduval3l@umn.edu,Male,78.8.180.189,Apt 1799
Dreddy,Lount,dlount3m@squidoo.com,Female,67.41.14.231,Apt 1484
Alfred,Robelet,arobelet3n@nhs.uk,Male,16.179.66.110,PO Box 73681
Pyotr,Caslett,pcaslett3o@amazon.com,Male,92.155.4.63,Room 270
Cordi,Jeanel,cjeanel3p@china.com.cn,Female,62.207.56.120,15th Floor
Ogdon,Benns,obenns3q@shutterfly.com,Male,192.172.225.35,PO Box 96080
Cullie,MacDearmaid,cmacdearmaid3r@exblog.jp,Male,46.34.177.75,Apt 432
Melloney,Northcliffe,mnorthcliffe3s@home.pl,Female,168.52.126.147,Suite 91
Evangelin,Siebert,esiebert3t@soup.io,Female,13.65.225.13,Room 1424
Isadore,Tessyman,itessyman3u@xrea.com,Male,248.196.108.163,PO Box 89172
Ediva,Schulz,eschulz3v@vistaprint.com,Female,53.156.237.47,6th Floor
Marthe,Joppich,mjoppich3w@globo.com,Female,85.158.5.177,Room 167
Hinda,Propper,hpropper3x@tmall.com,Non-binary,222.72.60.182,Suite 57
Stirling,Trimble,strimble3y@loc.gov,Male,147.114.94.185,Apt 1175
Giorgi,Clinton,gclinton3z@who.int,Agender,217.16.248.116,PO Box 79187
Briggs,Henkens,bhenkens40@archive.org,Male,118.208.89.210,Apt 1549
Guthry,Gonet,ggonet41@theatlantic.com,Male,69.126.16.118,PO Box 91011
Lise,Gilstoun,lgilstoun42@fda.gov,Female,230.188.215.82,5th Floor
Gilemette,Buncombe,gbuncombe43@sohu.com,Female,197.172.109.249,Room 1612
Brigid,McGilleghole,bmcgilleghole44@vkontakte.ru,Female,79.113.97.6,Apt 272
Bentley,Drife,bdrife45@squarespace.com,Male,73.250.238.165,3rd Floor
Deana,Coling,dcoling46@gravatar.com,Female,1.148.151.152,15th Floor
Stafani,Akrigg,sakrigg47@arstechnica.com,Female,241.20.3.127,Room 1245
Rancell,Hannibal,rhannibal48@psu.edu,Male,203.215.229.57,Suite 18
Simone,Trymme,strymme49@wordpress.com,Male,234.128.191.204,Suite 78
Adelind,Mattingley,amattingley4a@samsung.com,Female,123.234.17.92,PO Box 92156
Camala,Lorain,clorain4b@indiatimes.com,Female,168.29.116.232,Suite 29
Kingston,Vercruysse,kvercruysse4c@mapy.cz,Non-binary,175.119.195.241,Room 1516
Thornie,Shatliffe,tshatliffe4d@spotify.com,Male,106.141.107.1,Apt 359
Tyne,Burds,tburds4e@issuu.com,Female,68.208.211.215,PO Box 97600
Amara,Skipsey,askipsey4f@ox.ac.uk,Female,5.88.238.158,PO Box 98260
Peggy,Oki,poki4g@tinypic.com,Female,74.229.147.72,Room 44
Aleda,Jelphs,ajelphs4h@github.com,Female,35.77.167.224,4th Floor
Jonie,Pelz,jpelz4i@princeton.edu,Genderqueer,61.85.35.137,PO Box 28298
Hank,Ledford,hledford4j@rambler.ru,Agender,110.239.210.242,PO Box 71439
Meaghan,Pendrid,mpendrid4k@shutterfly.com,Female,5.79.22.136,20th Floor
Elysia,Sweating,esweating4l@elegantthemes.com,Agender,81.81.24.87,Apt 544
Karon,Staveley,kstaveley4m@printfriendly.com,Female,183.42.182.125,Apt 198
Chelsea,Farquhar,cfarquhar4n@usa.gov,Female,192.208.82.194,Room 323
Leontyne,Gyford,lgyford4o@creativecommons.org,Female,200.181.211.93,6th Floor
Madeleine,Rediers,mrediers4p@fc2.com,Female,71.219.146.82,Apt 913
Townie,Say,tsay4q@yandex.ru,Male,150.106.135.84,Apt 302
Edy,Brito,ebrito4r@tiny.cc,Female,155.144.8.175,Apt 12
Bradney,Joynt,bjoynt4s@oaic.gov.au,Male,1.255.235.4,Suite 25
Clare,Crapper,ccrapper4t@technorati.com,Male,12.109.38.63,PO Box 55631
Shell,Gilhool,sgilhool4u@discuz.net,Female,142.119.129.196,Apt 1688
Goraud,Fairbard,gfairbard4v@webnode.com,Male,107.170.90.137,PO Box 70018
Tory,Le Provest,tleprovest4w@seattletimes.com,Non-binary,142.250.231.17,Suite 38
Oliy,Gianasi,ogianasi4x@paginegialle.it,Female,155.141.227.35,10th Floor
Forest,Croy,fcroy4y@woothemes.com,Male,129.138.113.243,Apt 1442
Willette,Sotworth,wsotworth4z@goodreads.com,Female,184.134.217.141,Suite 14
Shannan,Hennemann,shennemann50@is.gd,Male,150.218.177.32,Room 365
Claudianus,Epsley,cepsley51@nasa.gov,Male,156.88.36.29,Room 1665
Towny,Robertet,trobertet52@cocolog-nifty.com,Male,102.203.95.201,PO Box 88160
Hewett,Jenyns,hjenyns53@4shared.com,Male,141.117.185.147,20th Floor
Aguie,Bewicke,abewicke54@sourceforge.net,Male,113.18.189.127,Suite 23
Hiram,Stayt,hstayt55@oakley.com,Male,139.118.140.208,PO Box 76033
Gino,Malzard,gmalzard56@reverbnation.com,Male,26.187.181.228,Suite 26
Francesca,Beynkn,fbeynkn57@upenn.edu,Female,118.213.38.122,Suite 39
Carney,Fissenden,cfissenden58@surveymonkey.com,Male,61.20.77.188,Apt 1588
Zedekiah,Wilkie,zwilkie59@reuters.com,Male,212.226.150.208,PO Box 611
Ivory,Scarce,iscarce5a@t.co,Female,225.158.77.246,Room 1558
Ainslee,Gallahar,agallahar5b@bing.com,Female,22.53.233.87,PO Box 17135
Raquela,Lighton,rlighton5c@yellowbook.com,Female,212.74.135.180,PO Box 81348
Carmine,Choake,cchoake5d@cam.ac.uk,Male,50.77.38.185,Apt 213
Burt,Doucette,bdoucette5e@skyrock.com,Male,59.194.136.123,17th Floor
Lucita,Wrotham,lwrotham5f@hc360.com,Agender,103.185.226.102,Apt 1749
Abey,Mundell,amundell5g@archive.org,Male,230.133.198.3,10th Floor
Lydie,Willshaw,lwillshaw5h@google.ca,Female,171.45.206.254,20th Floor
Samson,Casely,scasely5i@reverbnation.com,Male,239.235.3.22,Suite 59
Auberon,Kob,akob5j@diigo.com,Male,184.21.228.140,Room 725
Town,Kemwal,tkemwal5k@merriam-webster.com,Male,37.142.252.218,8th Floor
Allan,Whisker,awhisker5l@t.co,Male,49.64.237.158,Apt 886
Toddie,Wilmington,twilmington5m@google.com.au,Male,213.97.246.46,Apt 1516
Alisha,Rubert,arubert5n@php.net,Female,149.23.119.28,5th Floor
Read,Larner,rlarner5o@webeden.co.uk,Male,64.159.0.118,Suite 94
Bradley,Trowbridge,btrowbridge5p@census.gov,Male,106.48.39.88,Room 1711
Brant,Loraine,bloraine5q@netvibes.com,Male,161.141.55.150,Room 989
Christophorus,Sline,csline5r@wikia.com,Male,210.235.94.114,Apt 831
Caron,Ellcome,cellcome5s@friendfeed.com,Female,122.92.5.155,Room 225
Michaeline,Louch,mlouch5t@nymag.com,Female,34.216.125.60,Apt 154
Callida,Ternott,cternott5u@ustream.tv,Polygender,68.196.193.247,PO Box 14397
Dell,Stonham,dstonham5v@vimeo.com,Male,153.222.146.141,Room 453
Susan,Klagge,sklagge5w@so-net.ne.jp,Female,215.199.69.254,Room 538
Ruggiero,Grigoryov,rgrigoryov5x@51.la,Male,126.194.197.195,Room 392
Roley,MacKimm,rmackimm5y@webeden.co.uk,Male,134.223.195.188,Suite 26
Carr,Niblo,cniblo5z@1688.com,Male,240.2.224.149,PO Box 52875
Artie,Cummungs,acummungs60@salon.com,Male,25.252.181.185,Suite 67
Angelica,Mayling,amayling61@imdb.com,Female,169.80.201.172,5th Floor
Cortie,Cuncarr,ccuncarr62@livejournal.com,Male,251.5.220.57,1st Floor
Ali,Speariett,aspeariett63@bloomberg.com,Male,172.137.102.76,6th Floor
Jobye,Poulton,jpoulton64@example.com,Female,118.168.216.167,Room 1258
Donny,Mulderrig,dmulderrig65@w3.org,Female,42.244.79.154,Suite 8
Debora,Colcutt,dcolcutt66@mac.com,Female,184.199.87.236,Room 682
Lenna,Timlin,ltimlin67@deliciousdays.com,Female,137.1.175.3,Apt 322
Aprilette,Lippatt,alippatt68@flavors.me,Female,0.121.248.144,PO Box 98209
Sela,Damrel,sdamrel69@tripadvisor.com,Female,169.91.19.113,Room 84
Dalila,Chastaing,dchastaing6a@unicef.org,Female,187.233.75.80,Suite 53
Brucie,Hall-Gough,bhallgough6b@ovh.net,Male,32.182.152.97,Suite 93
Virginia,Farlambe,vfarlambe6c@baidu.com,Female,63.245.153.235,Apt 853
Noelle,Attewell,nattewell6d@sciencedaily.com,Female,38.166.165.40,Suite 20
Osbert,Sumpner,osumpner6e@blog.com,Male,234.74.93.119,Apt 1360
Gwendolin,Glanester,gglanester6f@so-net.ne.jp,Female,19.193.212.214,Apt 829
Morganica,Huc,mhuc6g@list-manage.com,Female,128.239.169.247,Apt 892
Garrott,Sebrook,gsebrook6h@china.com.cn,Male,18.192.236.55,Suite 72
Hughie,Grishelyov,hgrishelyov6i@t.co,Male,21.250.44.209,Suite 43
Brana,Regardsoe,bregardsoe6j@tripadvisor.com,Female,118.221.237.252,Room 1390
Otes,Cornehl,ocornehl6k@sciencedirect.com,Male,122.123.30.55,Room 1260
Allegra,Carmody,acarmody6l@stanford.edu,Female,243.93.249.66,Apt 1768
Annora,McBay,amcbay6m@edublogs.org,Bigender,222.234.118.201,Room 862
Lucilia,Ferraretto,lferraretto6n@plala.or.jp,Female,176.3.144.176,Apt 1325
Bertine,Manthorpe,bmanthorpe6o@ucoz.com,Female,253.50.184.222,PO Box 24628
Tyler,Radbourn,tradbourn6p@pinterest.com,Male,206.241.39.152,Apt 158
Franciskus,Hewins,fhewins6q@home.pl,Polygender,105.72.38.56,Suite 36
Margarete,Lamping,mlamping6r@pagesperso-orange.fr,Female,37.231.247.139,17th Floor
Rowan,Jugging,rjugging6s@newsvine.com,Male,11.178.140.91,Room 1690
Daveta,Orae,dorae6t@wsj.com,Female,170.189.151.73,PO Box 54490
Krysta,Scamadin,kscamadin6u@comsenz.com,Female,82.253.58.183,Room 221
Zed,Longshaw,zlongshaw6v@163.com,Male,159.204.229.149,Room 1686
Justus,Roiz,jroiz6w@ning.com,Male,126.2.228.128,Room 858
Morse,Thiese,mthiese6x@statcounter.com,Male,80.223.40.18,12th Floor
Dewey,Conrard,dconrard6y@seesaa.net,Male,21.198.49.208,Suite 52
Jeno,Kohrs,jkohrs6z@ameblo.jp,Male,106.79.7.56,Suite 21
Clarine,Death,cdeath70@usa.gov,Female,160.123.167.176,Room 1765
Alanna,Graalman,agraalman71@fotki.com,Female,226.30.157.143,PO Box 98998
Keven,Flacknoe,kflacknoe72@sogou.com,Male,118.213.56.229,Suite 44
Chrystal,Laughton,claughton73@amazon.co.uk,Female,154.18.54.236,PO Box 46313
Ruthie,Payley,rpayley74@mapquest.com,Female,93.107.194.145,Room 947
Wren,Cosins,wcosins75@pinterest.com,Female,25.56.104.202,PO Box 17804
Georgi,Hurkett,ghurkett76@flavors.me,Male,61.97.121.245,Room 1115
Stefano,Quarmby,squarmby77@umich.edu,Male,232.212.213.130,Apt 1234
Anders,Gittings,agittings78@quantcast.com,Male,195.121.252.66,Suite 12
Marven,Skerman,mskerman79@typepad.com,Male,197.115.145.162,3rd Floor
Renato,Normabell,rnormabell7a@youku.com,Non-binary,192.231.244.18,PO Box 97211
Suzi,Odde,sodde7b@bluehost.com,Female,162.159.154.233,Apt 1294
Florie,Tomkys,ftomkys7c@themeforest.net,Polygender,55.138.158.136,Suite 78
Maximo,Leggate,mleggate7d@google.com,Male,11.1.252.21,Apt 510
Noemi,Goose,ngoose7e@yahoo.com,Polygender,97.199.28.22,Room 1659
Gusty,Bleibaum,gbleibaum7f@multiply.com,Female,115.127.228.104,6th Floor
Fiona,Dudden,fdudden7g@washington.edu,Female,57.59.211.159,Suite 78
Pauly,O'Hearn,pohearn7h@google.co.uk,Female,87.235.20.11,Room 1534
Koral,Rois,krois7i@virginia.edu,Female,68.31.158.237,Room 949
Gonzalo,Stocken,gstocken7j@opera.com,Male,8.180.109.206,Apt 1930
Penny,Ridgedell,pridgedell7k@latimes.com,Male,128.196.178.202,Apt 1207
Chic,Snowball,csnowball7l@mashable.com,Male,147.134.42.132,PO Box 59196
Jenifer,Whitmore,jwhitmore7m@theglobeandmail.com,Female,224.88.5.188,PO Box 43187
Charlean,Tearle,ctearle7n@jugem.jp,Female,22.216.131.219,Suite 19
Belinda,Besnard,bbesnard7o@google.co.uk,Female,216.104.164.207,Room 233
Bryant,Cullrford,bcullrford7p@geocities.com,Bigender,228.253.218.12,Room 1759
Elfrida,Mouncher,emouncher7q@diigo.com,Female,19.252.222.208,Room 1021
Denna,Wasling,dwasling7r@webnode.com,Female,134.185.105.194,Room 1107
Maddy,Bugler,mbugler7s@mayoclinic.com,Male,51.40.21.1,Apt 1258
Griffie,Coughlan,gcoughlan7t@telegraph.co.uk,Male,85.99.66.144,Suite 31
Colette,Brislane,cbrislane7u@buzzfeed.com,Female,196.60.152.82,Suite 19
Stefan,Cauldfield,scauldfield7v@illinois.edu,Male,12.223.12.179,PO Box 56893
Arlana,Bruckmann,abruckmann7w@ucoz.com,Genderqueer,156.37.158.115,7th Floor
Minne,Ritch,mritch7x@wikimedia.org,Genderqueer,39.212.14.127,Apt 1590
Felizio,Stroyan,fstroyan7y@amazon.com,Male,246.80.49.158,19th Floor
Gypsy,Eggleson,geggleson7z@cbc.ca,Female,158.166.253.248,Apt 1537
Archibald,Ebbs,aebbs80@tmall.com,Male,78.30.113.76,12th Floor
Town,Biggerdike,tbiggerdike81@etsy.com,Male,53.167.34.111,13th Floor
Hubert,Mulkerrins,hmulkerrins82@123-reg.co.uk,Polygender,74.3.5.155,Apt 424
Marijo,Parish,mparish83@pagesperso-orange.fr,Female,230.193.142.111,Apt 753
Catha,Redihalgh,credihalgh84@flickr.com,Female,16.155.244.189,Room 1251
Poppy,Easterbrook,peasterbrook85@loc.gov,Female,35.113.70.124,Suite 26
Darcy,Enbury,denbury86@epa.gov,Female,192.112.238.181,PO Box 80371
Saunderson,Merrison,smerrison87@alexa.com,Male,59.166.21.59,Suite 30
Jareb,Sueter,jsueter88@ameblo.jp,Genderqueer,52.224.210.88,Apt 750
Kelcey,Goodlett,kgoodlett89@forbes.com,Female,142.222.68.55,PO Box 88578
Faye,Ghio,fghio8a@slate.com,Female,15.85.147.52,Room 1815
Bartholemy,McElmurray,bmcelmurray8b@weather.com,Male,1.253.177.248,Room 945
Koressa,Lyndon,klyndon8c@shareasale.com,Female,74.137.38.40,Apt 243
Felix,Pittem,fpittem8d@squidoo.com,Male,161.189.77.156,14th Floor
Clay,Fleckney,cfleckney8e@upenn.edu,Male,115.142.113.114,Room 1283
Ellswerth,Drinkale,edrinkale8f@hud.gov,Male,254.243.108.199,5th Floor
Nico,Clilverd,nclilverd8g@statcounter.com,Male,36.106.123.63,Apt 1018
Andriette,McClymont,amcclymont8h@comcast.net,Female,139.149.13.43,Suite 16
Cindee,Jaulmes,cjaulmes8i@unicef.org,Female,99.118.238.80,Suite 30
Esther,Thoday,ethoday8j@google.com.hk,Female,186.155.32.75,15th Floor
Maurise,Brannon,mbrannon8k@edublogs.org,Male,116.199.143.250,Room 1280
Moss,Sevitt,msevitt8l@icio.us,Male,188.73.9.235,Room 96
Jeramey,Kiddy,jkiddy8m@canalblog.com,Male,20.192.162.248,Room 1230
Angeline,Wenzel,awenzel8n@yandex.ru,Non-binary,89.190.141.74,PO Box 89689
Blaine,Snowden,bsnowden8o@house.gov,Male,191.156.202.66,Suite 12
Linnea,Sharpe,lsharpe8p@miitbeian.gov.cn,Female,99.155.29.80,11th Floor
Tybalt,Crichmer,tcrichmer8q@google.com.hk,Male,234.251.186.8,Apt 1786
Sherlocke,Buntain,sbuntain8r@mac.com,Polygender,11.79.163.215,Apt 1436
Berny,Kann,bkann8s@redcross.org,Male,84.249.114.145,18th Floor
Cathi,Heinonen,cheinonen8t@msn.com,Female,147.254.242.40,Suite 65
Mollie,Lacrouts,mlacrouts8u@adobe.com,Female,47.13.152.210,Room 1950
Torrie,Shoebottom,tshoebottom8v@fastcompany.com,Female,210.35.91.80,17th Floor
Allix,Welbrock,awelbrock8w@mapquest.com,Female,106.66.70.241,Suite 26
Virginia,Partleton,vpartleton8x@un.org,Female,147.182.131.173,Suite 42
Dallas,Moreton,dmoreton8y@geocities.jp,Male,144.175.162.54,PO Box 84314
Barbee,Takkos,btakkos8z@dropbox.com,Female,128.48.136.221,6th Floor
Jamie,Pillifant,jpillifant90@vkontakte.ru,Bigender,247.5.198.228,Room 1197
Leda,Pottinger,lpottinger91@reference.com,Female,57.167.90.188,1st Floor
Ardra,Greenroad,agreenroad92@tripod.com,Female,41.171.192.55,Apt 164
Tracey,Wonfor,twonfor93@addtoany.com,Male,108.97.209.172,Apt 857
Erik,Kilpatrick,ekilpatrick94@miibeian.gov.cn,Genderqueer,248.129.32.230,Apt 785
Caryl,Perfect,cperfect95@google.com.hk,Male,111.7.181.67,13th Floor
Rice,Davley,rdavley96@timesonline.co.uk,Male,121.98.0.104,Apt 1857
Marcela,Butson,mbutson97@comcast.net,Female,130.138.0.52,Suite 26
Diane,Andrzejczak,dandrzejczak98@a8.net,Female,45.185.248.212,Suite 34
Brittaney,Parlet,bparlet99@bizjournals.com,Female,17.174.48.29,16th Floor
Matthiew,Imlacke,mimlacke9a@shareasale.com,Male,138.183.97.236,Room 1758
Whit,Quirke,wquirke9b@house.gov,Male,112.118.194.244,PO Box 77940
Anson,O'Regan,aoregan9c@sohu.com,Male,73.86.89.95,PO Box 76381
Tallie,Beardsall,tbeardsall9d@cnn.com,Male,3.60.19.185,10th Floor
Mickey,Billson,mbillson9e@deviantart.com,Male,81.14.186.78,1st Floor
Lem,Vallentin,lvallentin9f@nydailynews.com,Male,55.55.232.40,12th Floor
Erik,Beamish,ebeamish9g@usa.gov,Male,168.174.103.66,Room 1755
Berty,Caseborne,bcaseborne9h@amazon.com,Female,83.163.159.161,Room 1521
Avictor,McGuckin,amcguckin9i@auda.org.au,Male,4.44.27.160,Suite 64
Olenolin,Skuce,oskuce9j@wix.com,Male,79.163.129.50,14th Floor
Deb,Gollin,dgollin9k@nih.gov,Female,71.135.48.215,Suite 6
Jennee,Spooner,jspooner9l@about.me,Female,71.194.227.127,Apt 721
Boyce,Sturgis,bsturgis9m@angelfire.com,Male,69.211.128.174,7th Floor
Fitz,Yablsley,fyablsley9n@bandcamp.com,Male,89.64.80.248,Apt 500
Jenica,Flisher,jflisher9o@ustream.tv,Bigender,137.240.24.211,Apt 1151
Benoite,Bum,bbum9p@live.com,Female,70.119.225.252,Suite 82
Monte,Jurgensen,mjurgensen9q@amazon.com,Male,174.52.170.83,5th Floor
Terrye,Eddisforth,teddisforth9r@ihg.com,Female,172.83.68.91,PO Box 82418
Sigismund,Pinnocke,spinnocke9s@amazonaws.com,Male,237.178.48.208,Suite 8
Colas,Simonelli,csimonelli9t@mail.ru,Male,126.51.219.29,Suite 26
Ignacio,Cheetam,icheetam9u@nasa.gov,Male,75.164.128.121,PO Box 32149
Den,Trippack,dtrippack9v@liveinternet.ru,Male,152.37.195.65,Suite 44
Rhodie,Williment,rwilliment9w@sphinn.com,Female,107.46.52.87,PO Box 86283
Dominique,Hacquoil,dhacquoil9x@vistaprint.com,Male,34.180.107.164,Suite 99
Felizio,Cochern,fcochern9y@booking.com,Male,252.193.208.89,Apt 1463
Averyl,Haddacks,ahaddacks9z@github.com,Female,33.186.46.252,PO Box 83435
Garth,Ripon,gripona0@ask.com,Male,235.107.194.208,Apt 1288
Andrey,Belsher,abelshera1@behance.net,Male,125.186.90.218,Suite 33
Domenico,Gaskall,dgaskalla2@naver.com,Male,157.16.173.196,15th Floor
Carmencita,Wager,cwagera3@tinyurl.com,Female,23.203.197.176,Suite 25
Vale,Pottes,vpottesa4@netvibes.com,Female,244.174.50.219,Suite 61
Gertie,von Hagt,gvonhagta5@posterous.com,Genderfluid,151.166.65.122,Suite 75
Hermia,Crabtree,hcrabtreea6@upenn.edu,Polygender,46.214.54.100,Apt 1481
Percy,Hebborne,phebbornea7@kickstarter.com,Male,1.191.210.182,Apt 1642
Dee,Style,dstylea8@gov.uk,Female,92.207.145.89,Suite 62
Vito,Crosson,vcrossona9@mashable.com,Male,73.40.135.149,Room 1445
Roselin,Rhys,rrhysaa@cbsnews.com,Female,120.40.142.194,6th Floor
Reeta,Penddreth,rpenddrethab@webeden.co.uk,Bigender,54.113.123.193,PO Box 28977
Evelin,Downing,edowningac@cdbaby.com,Male,93.38.137.198,Apt 972
Courtnay,Fuentes,cfuentesad@telegraph.co.uk,Male,12.216.192.211,Suite 19
Carree,Jezzard,cjezzardae@simplemachines.org,Female,246.86.54.27,Suite 44
Renelle,Jarrold,rjarroldaf@canalblog.com,Female,236.248.207.244,Apt 170
Emmaline,Frickey,efrickeyag@ed.gov,Female,226.131.190.92,9th Floor
Dani,Penn,dpennah@51.la,Female,183.253.196.198,PO Box 2870
Marquita,Bouskill,mbouskillai@comcast.net,Female,239.236.228.243,PO Box 49790
Ravid,Blackwell,rblackwellaj@hc360.com,Male,201.76.144.109,Room 1571
Maure,Holcroft,mholcroftak@ft.com,Female,157.96.201.180,Apt 945
Taylor,Bridson,tbridsonal@yelp.com,Male,242.100.132.118,Room 1355
Jacquette,Glaves,jglavesam@cbsnews.com,Female,145.226.10.26,Apt 1582
Gerhardt,Egginton,geggintonan@nih.gov,Male,155.178.124.143,Room 1989
Xylina,Phonix,xphonixao@usda.gov,Genderqueer,145.54.65.158,16th Floor
Chadwick,O'Calleran,cocalleranap@ebay.com,Male,87.3.152.19,Suite 96
Killy,Seebright,kseebrightaq@cloudflare.com,Male,235.107.98.229,Room 1117
Desi,Dyble,ddyblear@live.com,Male,77.17.108.57,PO Box 38053
Alfie,Dudding,aduddingas@hubpages.com,Female,2.0.88.210,Apt 1945
Jarrod,MacKim,jmackimat@netlog.com,Male,64.191.133.13,Room 1092
Stillman,Spering,ssperingau@opensource.org,Male,2.124.147.13,Room 453
Regan,Mollnar,rmollnarav@illinois.edu,Male,190.6.219.94,Room 756
Jarad,Hucks,jhucksaw@army.mil,Male,82.70.251.135,Apt 238
Ailbert,Maven,amavenax@cargocollective.com,Male,219.9.232.206,Suite 96
Sharai,Lascelles,slascellesay@cam.ac.uk,Female,136.47.149.247,Apt 389
Noah,Gostage,ngostageaz@dedecms.com,Male,199.247.238.245,Apt 1928
Timoteo,Ciciotti,tciciottib0@kickstarter.com,Male,17.156.5.38,Apt 526
Morgen,Onions,monionsb1@nature.com,Male,38.103.105.243,Apt 232
Orland,Attwell,oattwellb2@meetup.com,Male,12.47.176.233,Room 1604
Romona,Hardern,rhardernb3@unc.edu,Female,102.159.162.13,13th Floor
Boony,Medler,bmedlerb4@ibm.com,Male,12.51.244.213,PO Box 22398
Denis,Grigori,dgrigorib5@springer.com,Male,102.200.147.242,Room 1813
Anthony,Lorans,aloransb6@nhs.uk,Male,155.226.102.81,1st Floor
Annis,Lishman,alishmanb7@linkedin.com,Female,113.129.219.239,Apt 1889
Lyell,Holt,lholtb8@flickr.com,Polygender,31.1.240.105,12th Floor
Horton,Boulde,hbouldeb9@goodreads.com,Male,6.227.135.205,Suite 2
Noell,Tomini,ntominiba@adobe.com,Female,65.164.37.18,Room 564
Flore,Treece,ftreecebb@home.pl,Female,109.91.57.110,Suite 99
Mikey,Hansen,mhansenbc@1688.com,Male,60.1.176.93,12th Floor
Mordy,Yglesias,myglesiasbd@jalbum.net,Male,64.104.158.33,PO Box 43483
Michel,Persence,mpersencebe@usa.gov,Male,244.126.115.143,Room 1029
Karleen,McGeneay,kmcgeneaybf@reuters.com,Female,119.59.191.231,Suite 91
Sauveur,Allaker,sallakerbg@meetup.com,Male,100.206.77.123,PO Box 41008
Scarlet,Crotch,scrotchbh@noaa.gov,Female,7.61.142.50,PO Box 95124
Siouxie,Gemlbett,sgemlbettbi@wiley.com,Female,242.65.174.82,2nd Floor
Rubie,Farnsworth,rfarnsworthbj@parallels.com,Female,75.172.151.140,Room 761
Regine,Huegett,rhuegettbk@google.pl,Female,143.255.189.209,Suite 25
Siusan,Adriani,sadrianibl@soup.io,Female,134.164.109.55,PO Box 23878
Hebert,Hain,hhainbm@sun.com,Male,220.85.188.58,Room 1809
Madlen,Simionato,msimionatobn@china.com.cn,Female,150.175.81.102,PO Box 52097
Hedwig,Minster,hminsterbo@timesonline.co.uk,Female,129.112.107.101,Apt 989
Adrea,Kingcote,akingcotebp@meetup.com,Female,215.4.92.21,Apt 431
Gardiner,Vidyapin,gvidyapinbq@nbcnews.com,Male,61.250.178.255,Suite 9
Abby,Featherby,afeatherbybr@ifeng.com,Female,218.32.119.4,16th Floor
Wilbert,Edess,wedessbs@wsj.com,Male,203.163.113.27,PO Box 45036
Martie,Hurdis,mhurdisbt@desdev.cn,Female,198.183.112.139,PO Box 83210
Gustav,O' Byrne,gobyrnebu@engadget.com,Male,164.137.76.252,5th Floor
Pat,Bidwell,pbidwellbv@google.it,Genderqueer,25.137.54.17,Suite 77
Catrina,Garretson,cgarretsonbw@forbes.com,Female,97.6.181.115,PO Box 86703
Elisha,Smissen,esmissenbx@blog.com,Female,41.192.203.17,Suite 47
Jecho,Charlesworth,jcharlesworthby@nsw.gov.au,Male,210.185.100.110,Apt 76
Joly,Klimek,jklimekbz@java.com,Female,130.238.232.64,19th Floor
Yolanda,Tomaselli,ytomasellic0@amazon.com,Female,127.221.79.35,Apt 152
Thatch,Shelmardine,tshelmardinec1@ocn.ne.jp,Male,211.74.253.59,Apt 843
Modesty,Boyington,mboyingtonc2@ucoz.com,Female,35.233.89.117,18th Floor
Deane,Lysaght,dlysaghtc3@networkadvertising.org,Female,37.91.95.125,19th Floor
Lindsy,Leif,lleifc4@theguardian.com,Female,255.107.60.234,Room 790
Cullie,Devericks,cdevericksc5@berkeley.edu,Male,89.182.14.124,Apt 1005
Jerrine,Kinnoch,jkinnochc6@cyberchimps.com,Female,20.81.245.66,Suite 6
Angie,Ghilardi,aghilardic7@indiegogo.com,Female,33.43.12.59,3rd Floor
Jan,Waudby,jwaudbyc8@skyrock.com,Agender,234.207.223.38,PO Box 16431
Richmond,Goldhawk,rgoldhawkc9@furl.net,Male,32.245.170.191,Suite 48
Bill,Drabble,bdrabbleca@cdbaby.com,Female,43.52.149.52,Apt 986
Olenka,Filip,ofilipcb@com.com,Female,184.121.144.192,3rd Floor
Webster,Sandiford,wsandifordcc@altervista.org,Male,177.188.185.130,PO Box 29283
Ody,Inglish,oinglishcd@earthlink.net,Male,75.149.87.73,PO Box 31314
Julie,Lansdale,jlansdalece@nps.gov,Female,157.128.217.33,Room 200
Jolie,Horry,jhorrycf@angelfire.com,Female,41.92.162.57,Suite 40
Marco,Reardon,mreardoncg@mashable.com,Male,93.254.129.96,PO Box 88491
Dinny,Beedie,dbeediech@noaa.gov,Female,17.69.33.25,Apt 1785
Otes,McEntee,omcenteeci@people.com.cn,Male,24.231.102.219,Suite 63
Sharon,Peller,spellercj@flickr.com,Female,48.199.249.222,PO Box 2822
Ezmeralda,Pigny,epignyck@cocolog-nifty.com,Female,248.216.25.59,Suite 26
Lane,Seczyk,lseczykcl@mediafire.com,Male,245.16.171.228,Suite 83
Mackenzie,Coulthard,mcoulthardcm@dot.gov,Male,31.10.169.19,Suite 58
Jodi,Mawne,jmawnecn@bloomberg.com,Female,163.228.167.118,Apt 641
Weider,Bridgen,wbridgenco@foxnews.com,Male,115.146.61.37,PO Box 62883
Stavros,Ferre,sferrecp@sina.com.cn,Agender,0.47.140.178,Room 932
Sandra,Cornes,scornescq@google.cn,Female,85.85.234.143,8th Floor
Virgina,Deinhardt,vdeinhardtcr@hhs.gov,Female,120.184.82.197,PO Box 87943
Isobel,Pickwell,ipickwellcs@mlb.com,Female,193.117.11.86,PO Box 30367
Maurie,Annear,mannearct@topsy.com,Male,211.97.66.252,Suite 69
Emery,Stubbins,estubbinscu@feedburner.com,Male,22.143.207.23,Suite 13
Blithe,Wallbank,bwallbankcv@businesswire.com,Female,225.214.216.93,Apt 1573
Webb,Clancy,wclancycw@pagesperso-orange.fr,Male,201.161.148.192,Room 1932
Stephen,Pumfrett,spumfrettcx@ucoz.com,Male,96.128.25.129,PO Box 83061
Ariel,Jacobowits,ajacobowitscy@newyorker.com,Female,190.40.62.59,Apt 1365
Vincenz,Maywood,vmaywoodcz@weather.com,Male,218.69.148.93,Room 1306
Irv,Dinsale,idinsaled0@pinterest.com,Male,134.224.111.26,8th Floor
Nyssa,Heck,nheckd1@engadget.com,Female,127.46.90.225,PO Box 27593
Laurie,Jillings,ljillingsd2@foxnews.com,Bigender,15.80.96.223,11th Floor
Jonah,Aimable,jaimabled3@themeforest.net,Male,237.204.105.174,Apt 596
Morie,Wetherby,mwetherbyd4@sohu.com,Non-binary,239.26.168.78,15th Floor
Jasmin,Tosh,jtoshd5@cmu.edu,Female,229.103.24.56,Apt 1455
Deidre,Sawyers,dsawyersd6@jiathis.com,Female,129.7.174.119,Suite 6
Daren,Giovannelli,dgiovannellid7@last.fm,Male,103.241.170.90,Room 191
Walker,Nelane,wnelaned8@51.la,Male,185.142.181.58,Room 1369
Algernon,Brewis,abrewisd9@pbs.org,Non-binary,80.47.84.111,Room 780
Nathanil,Skpsey,nskpseyda@whitehouse.gov,Male,6.128.147.58,Suite 72
Erwin,Ayer,eayerdb@unesco.org,Male,80.183.218.96,Room 368
Lorine,Lockless,llocklessdc@cdc.gov,Female,114.6.36.46,Room 1191
Gonzalo,Metrick,gmetrickdd@pcworld.com,Male,140.45.220.211,PO Box 86571
Kissiah,Bailles,kbaillesde@china.com.cn,Female,66.13.32.181,Apt 1106
Jackelyn,Durrell,jdurrelldf@loc.gov,Female,4.185.57.248,Suite 48
Dieter,Kuschel,dkuscheldg@google.de,Genderfluid,54.3.204.205,Apt 1760
Darryl,Espinet,despinetdh@skype.com,Female,27.58.124.225,PO Box 3552
Annnora,Craisford,acraisforddi@home.pl,Female,213.15.220.160,Suite 62
Tedda,Simyson,tsimysondj@storify.com,Female,4.110.162.204,Suite 44
Ricca,Schrieves,rschrievesdk@typepad.com,Female,62.167.48.59,Suite 82
Stirling,Basindale,sbasindaledl@army.mil,Male,159.199.61.111,4th Floor
Wyatt,Allso,wallsodm@stumbleupon.com,Male,217.140.54.111,PO Box 95138
Boyd,Campling,bcamplingdn@mail.ru,Male,250.163.197.30,Apt 1015
Letta,Duigan,lduigando@whitehouse.gov,Genderqueer,100.194.40.33,Apt 1087
Leslie,Rewan,lrewandp@usgs.gov,Female,106.176.138.98,Apt 2000
Crystal,Dibben,cdibbendq@bloglines.com,Female,182.187.92.86,Apt 1935
Kira,Fydo,kfydodr@mac.com,Female,101.223.129.2,PO Box 39055
Raphaela,Finnigan,rfinnigands@disqus.com,Female,121.108.221.251,Apt 743
Barty,Waltho,bwalthodt@wordpress.org,Male,68.43.194.43,11th Floor
Donny,Winfield,dwinfielddu@gmpg.org,Female,25.229.83.90,Suite 6
Maynord,Boxall,mboxalldv@phpbb.com,Male,154.99.228.78,18th Floor
Allys,Scally,ascallydw@about.com,Female,147.238.56.9,Room 1033
Alfy,Groven,agrovendx@nifty.com,Female,167.162.124.135,PO Box 50388
Brier,Paffett,bpaffettdy@over-blog.com,Female,174.250.199.208,11th Floor
Huntington,Mapson,hmapsondz@goo.ne.jp,Male,118.83.48.252,16th Floor
Hart,Coomer,hcoomere0@businessinsider.com,Male,17.11.196.203,12th Floor
Tabbitha,Ronisch,tronische1@cnet.com,Female,137.5.235.143,Suite 3
Ugo,Woliter,uwolitere2@deliciousdays.com,Male,57.151.52.164,PO Box 570
Louise,McGrouther,lmcgrouthere3@sbwire.com,Female,151.57.25.36,Suite 31
Annabella,Cottey,acotteye4@sourceforge.net,Female,114.244.165.159,Room 1046
Andrej,de Courcey,adecourceye5@nsw.gov.au,Male,138.187.138.205,12th Floor
Dorie,Leel,dleele6@plala.or.jp,Male,10.37.210.233,7th Floor
Elane,Landrick,elandricke7@deliciousdays.com,Female,105.148.35.246,6th Floor
Margalo,Deboy,mdeboye8@state.tx.us,Female,130.115.75.97,Apt 1964
Deeanne,Husher,dhushere9@tamu.edu,Polygender,177.171.117.126,Apt 1888
Katheryn,Rottgers,krottgersea@walmart.com,Female,66.145.250.13,PO Box 50245
Elias,Griffey,egriffeyeb@ucoz.com,Polygender,187.58.139.125,Suite 43
Elias,Pointon,epointonec@desdev.cn,Male,112.76.132.110,15th Floor
Harriott,Few,hfewed@unesco.org,Female,115.5.253.25,PO Box 49431
Virgie,Giraldon,vgiraldonee@adobe.com,Male,13.136.151.161,Apt 1358
Mame,Teml,mtemlef@ftc.gov,Female,228.60.148.107,Suite 42
Jaine,Ferrarin,jferrarineg@e-recht24.de,Female,198.219.38.181,Suite 88
Georgie,Dyet,gdyeteh@epa.gov,Female,44.66.163.52,PO Box 19799
Janie,Tofano,jtofanoei@hexun.com,Female,203.208.143.87,PO Box 15673
Wally,Haslehurst,whaslehurstej@weibo.com,Female,219.59.192.183,Suite 57
Englebert,Mainds,emaindsek@aboutads.info,Male,177.66.47.59,Suite 53
Kipp,Casbourne,kcasbourneel@xinhuanet.com,Male,251.65.53.114,4th Floor
Tracey,Hayhow,thayhowem@auda.org.au,Male,166.164.95.9,Apt 1271
Woodie,Lawland,wlawlanden@archive.org,Male,233.97.72.241,PO Box 28102
Kyla,Paulon,kpauloneo@e-recht24.de,Female,199.254.186.33,14th Floor
Steve,Dasent,sdasentep@123-reg.co.uk,Male,22.69.244.16,9th Floor
Jasen,Rosenfeld,jrosenfeldeq@wikipedia.org,Male,48.0.254.76,17th Floor
Gerta,Blackwell,gblackweller@nhs.uk,Female,46.68.26.97,Suite 84
Jon,Pedley,jpedleyes@jugem.jp,Male,69.214.126.122,PO Box 47387
Etta,Strand,estrandet@privacy.gov.au,Female,170.144.190.53,Apt 1253
Clarence,Bampford,cbampfordeu@msn.com,Male,56.136.139.210,Suite 38
Ben,Force,bforceev@ucoz.com,Male,107.48.204.110,Room 740
Lonni,Olorenshaw,lolorenshawew@nymag.com,Female,19.134.244.92,Apt 1359
Cordell,Matyushkin,cmatyushkinex@scientificamerican.com,Male,183.243.203.159,Apt 502
Katrine,Poge,kpogeey@gravatar.com,Non-binary,32.210.44.186,PO Box 16267
Tuesday,Ramelot,tramelotez@dot.gov,Female,20.217.175.3,Suite 50
Gilburt,Byrne,gbyrnef0@tuttocitta.it,Male,184.171.120.37,PO Box 39093
Perkin,Stigers,pstigersf1@upenn.edu,Male,186.85.51.207,PO Box 13426
Lalo,Haffenden,lhaffendenf2@wp.com,Bigender,179.26.132.163,Apt 606
Venus,Ackland,vacklandf3@house.gov,Female,151.17.54.94,PO Box 2072
Estel,Wyse,ewysef4@dmoz.org,Female,4.216.136.61,Room 1461
Gussi,Pipe,gpipef5@amazon.co.uk,Female,43.150.94.27,Room 1374
Annie,Spinetti,aspinettif6@yellowbook.com,Female,148.4.33.66,5th Floor
Cherie,Thebes,cthebesf7@freewebs.com,Female,245.238.80.236,Apt 1040
Byran,Luckman,bluckmanf8@dagondesign.com,Male,159.193.213.198,Apt 1452
Joy,Becken,jbeckenf9@canalblog.com,Female,242.155.175.9,15th Floor
Toma,Dinnis,tdinnisfa@nba.com,Female,212.16.82.120,Apt 799
Mirelle,Peers,mpeersfb@nydailynews.com,Female,42.160.250.146,9th Floor
Martino,Rawdall,mrawdallfc@webs.com,Male,133.255.4.244,Suite 94
Tamarah,Bryan,tbryanfd@salon.com,Female,137.53.12.198,Suite 20
Shay,Axelbee,saxelbeefe@eventbrite.com,Male,101.212.171.62,Suite 76
Madalyn,Hunnisett,mhunnisettff@tumblr.com,Female,132.34.85.96,Room 380
Cacilie,Carrane,ccarranefg@abc.net.au,Genderfluid,157.9.126.9,Suite 41
Marshal,Crewes,mcrewesfh@wufoo.com,Male,73.20.71.223,PO Box 38622
Vinny,Emeney,vemeneyfi@techcrunch.com,Agender,246.146.212.40,Apt 302
Lucian,Carnaman,lcarnamanfj@parallels.com,Male,44.146.171.52,Room 71
Elwyn,Lashley,elashleyfk@nydailynews.com,Genderfluid,136.148.52.4,Suite 18
Evyn,O' Shea,eosheafl@opensource.org,Male,176.5.66.174,Room 607
Aguistin,Axworthy,aaxworthyfm@about.com,Male,124.19.127.140,PO Box 6352
Bartie,Melmar,bmelmarfn@hao123.com,Male,151.70.70.67,Suite 22
Stanwood,Trousdale,strousdalefo@trellian.com,Male,37.102.210.134,Room 904
Preston,Rubrow,prubrowfp@jiathis.com,Genderfluid,171.152.89.222,Suite 79
Mervin,Hutchens,mhutchensfq@cyberchimps.com,Male,68.171.153.2,Suite 78
Allys,Ferie,aferiefr@tripadvisor.com,Genderfluid,6.248.137.75,PO Box 93661
Rosalynd,Conklin,rconklinfs@webmd.com,Female,102.239.237.5,3rd Floor
Stefan,Bewly,sbewlyft@ibm.com,Male,228.236.218.79,Room 662
Chadd,Kimmince,ckimmincefu@discovery.com,Agender,158.31.3.197,Suite 73
Julieta,Bezemer,jbezemerfv@google.co.jp,Female,180.82.211.254,Suite 5
Freddie,McKeurtan,fmckeurtanfw@ibm.com,Genderfluid,162.213.67.88,Apt 1543
Ginelle,Veschi,gveschifx@g.co,Female,233.67.49.66,Suite 43
Carolyne,Trimnell,ctrimnellfy@wikipedia.org,Female,168.52.104.32,Apt 1852
Dmitri,Losbie,dlosbiefz@psu.edu,Male,128.59.132.179,17th Floor
Belicia,Bushby,bbushbyg0@blogger.com,Female,136.72.245.89,7th Floor
Mordy,Ledwich,mledwichg1@weibo.com,Male,69.12.166.63,PO Box 7576
Jo,Stollwerck,jstollwerckg2@bbb.org,Female,237.18.230.189,Suite 57
Gerrilee,Mabbot,gmabbotg3@elpais.com,Female,120.118.197.155,PO Box 91179
Bambie,Vardy,bvardyg4@livejournal.com,Female,183.41.79.129,Apt 66
Worthy,Weavers,wweaversg5@newyorker.com,Male,14.232.184.64,10th Floor
Suzy,Mapplethorpe,smapplethorpeg6@gizmodo.com,Female,227.38.159.160,PO Box 7160
Chancey,Haime,chaimeg7@prweb.com,Male,192.154.92.133,Room 1516
Sabrina,Darrow,sdarrowg8@comsenz.com,Female,218.90.155.39,2nd Floor
Simone,Edworthy,sedworthyg9@mysql.com,Male,67.108.40.183,18th Floor
Erhard,MacCosty,emaccostyga@bbc.co.uk,Male,244.139.242.19,2nd Floor
Natalie,Scuse,nscusegb@icq.com,Female,70.128.60.101,PO Box 7776
Doe,Reedman,dreedmangc@multiply.com,Female,184.81.29.189,Apt 165
Lizette,Bouts,lboutsgd@jiathis.com,Polygender,96.243.3.89,Room 210
Vlad,Coates,vcoatesge@i2i.jp,Male,134.103.72.138,Apt 608
Monty,O'Sherin,mosheringf@npr.org,Male,8.126.96.137,Suite 78
Gerda,Grimston,ggrimstongg@reuters.com,Female,83.136.79.53,Suite 15
Kiley,Adshed,kadshedgh@ycombinator.com,Male,237.115.189.253,Suite 97
Sigfrid,Dreschler,sdreschlergi@cbslocal.com,Male,226.36.22.168,Suite 65
Ruthy,Batt,rbattgj@yolasite.com,Female,230.158.90.5,Suite 42
Llywellyn,Whitmore,lwhitmoregk@weibo.com,Male,69.70.150.16,8th Floor
Aubrie,Huguenet,ahuguenetgl@tuttocitta.it,Female,58.196.80.213,9th Floor
Eziechiele,Rosenbush,erosenbushgm@seattletimes.com,Male,255.249.34.129,Apt 58
Sigfrid,Bearham,sbearhamgn@princeton.edu,Non-binary,246.224.152.58,Apt 1181
Salaidh,Beecheno,sbeechenogo@aol.com,Female,125.224.173.176,Room 173
Naoma,Matys,nmatysgp@newsvine.com,Female,19.43.37.80,Apt 1595
Hans,Stieger,hstiegergq@bing.com,Male,198.86.102.31,PO Box 76830
Joachim,Akerman,jakermangr@eventbrite.com,Male,16.111.222.100,Room 350
Eda,Bellee,ebelleegs@netlog.com,Female,56.98.250.2,Apt 1128
Carlene,Goreisr,cgoreisrgt@google.com,Female,91.2.34.22,Room 1466
Finley,Billany,fbillanygu@slashdot.org,Male,229.71.37.122,Suite 52
Julianne,Dochon,jdochongv@meetup.com,Female,30.247.0.152,16th Floor
Tabby,Zapater,tzapatergw@businessweek.com,Female,201.182.175.199,PO Box 30247
Vachel,Jorgesen,vjorgesengx@geocities.jp,Male,83.20.185.14,PO Box 1047
Andres,Smails,asmailsgy@dagondesign.com,Male,154.29.25.112,Room 1449
Henry,Turl,hturlgz@kickstarter.com,Male,35.218.231.157,Room 78
Cthrine,Tales,ctalesh0@aboutads.info,Bigender,159.69.149.34,4th Floor
Helenelizabeth,Pettengell,hpettengellh1@flickr.com,Female,101.117.106.17,Room 503
Dacia,Jenman,djenmanh2@dailymotion.com,Polygender,231.225.121.203,Apt 254
Henderson,Gurney,hgurneyh3@smugmug.com,Genderqueer,245.87.181.184,Room 1173
Cory,Creaney,ccreaneyh4@163.com,Male,6.214.71.163,PO Box 60367
Derick,Logg,dloggh5@opera.com,Male,204.31.218.147,PO Box 62353
Floria,Coathup,fcoathuph6@unc.edu,Female,130.190.233.243,Apt 84
Annamarie,Duck,aduckh7@boston.com,Female,164.103.83.39,Suite 63
Clarabelle,Gurnell,cgurnellh8@amazon.co.jp,Female,49.114.56.16,Apt 509
Granthem,Ghirigori,gghirigorih9@webs.com,Male,136.33.253.84,Room 1669
Madge,Almeida,malmeidaha@opensource.org,Female,22.198.208.85,13th Floor
Fleurette,Kermannes,fkermanneshb@wikimedia.org,Female,102.160.26.177,Apt 647
Shannon,Rangall,srangallhc@tiny.cc,Male,154.148.117.80,Apt 1898
Anna-diana,Verrick,averrickhd@wired.com,Female,111.98.195.18,Apt 1335
Rachael,Chitter,rchitterhe@tripod.com,Female,228.126.228.222,15th Floor
Cinda,Whitecross,cwhitecrosshf@newsvine.com,Female,24.223.196.230,Room 1559
Zorah,Beardon,zbeardonhg@engadget.com,Female,148.51.228.126,Room 1063
Nicol,McMoyer,nmcmoyerhh@cisco.com,Male,60.162.204.61,Room 781
Cathryn,Domerc,cdomerchi@imageshack.us,Female,104.55.28.56,Suite 51
Donnie,Stockin,dstockinhj@washingtonpost.com,Male,145.244.110.125,Room 406
Ernest,Garside,egarsidehk@gmpg.org,Male,187.245.18.181,PO Box 42801
Barri,Hague,bhaguehl@netvibes.com,Male,93.103.174.230,Apt 1809
Meade,Darinton,mdarintonhm@barnesandnoble.com,Female,90.206.7.219,PO Box 26640
Kelsey,Joutapaitis,kjoutapaitishn@is.gd,Male,33.113.167.36,Room 932
Gilbertina,Trickey,gtrickeyho@bbb.org,Genderqueer,32.174.189.67,Room 447
Lacy,Fillan,lfillanhp@nbcnews.com,Genderfluid,105.177.76.81,Apt 408
Craig,Pocknell,cpocknellhq@nifty.com,Male,110.179.187.204,Apt 924
Fanya,Razzell,frazzellhr@w3.org,Female,174.40.240.140,Suite 66
Jermain,Capun,jcapunhs@trellian.com,Male,152.117.106.176,4th Floor
Henrietta,Aizikov,haizikovht@usda.gov,Female,81.148.26.14,PO Box 75275
Hyacinth,Olenin,holeninhu@elegantthemes.com,Female,209.122.137.128,Suite 26
Rabbi,Pidgley,rpidgleyhv@arstechnica.com,Male,71.134.239.116,PO Box 32280
Cris,Murney,cmurneyhw@pbs.org,Female,150.209.250.228,Room 1739
Darrell,Rockingham,drockinghamhx@cornell.edu,Male,159.201.241.137,Suite 91
Danya,Foxhall,dfoxhallhy@issuu.com,Male,229.11.188.104,Suite 35
Britteny,Frape,bfrapehz@va.gov,Bigender,255.211.107.17,Apt 1693
Juliette,Ashington,jashingtoni0@icio.us,Female,244.79.185.190,9th Floor
Kalina,Staniforth,kstaniforthi1@nhs.uk,Female,127.79.237.86,Apt 721
Rivalee,Geistmann,rgeistmanni2@go.com,Female,189.107.19.80,PO Box 89957
Charity,Wale,cwalei3@feedburner.com,Female,5.44.134.63,PO Box 67531
Aubree,Adshed,aadshedi4@csmonitor.com,Female,61.136.117.164,12th Floor
Lanette,Edmand,ledmandi5@fc2.com,Female,246.164.86.245,Suite 9
Otho,Bracken,obrackeni6@google.co.uk,Male,23.224.58.161,14th Floor
Rainer,Kilbee,rkilbeei7@bravesites.com,Male,238.218.80.241,PO Box 18395
Chrystel,Le Barr,clebarri8@huffingtonpost.com,Female,107.79.191.173,Room 674
Zea,Caudrey,zcaudreyi9@tamu.edu,Bigender,227.150.153.100,Apt 168
Ella,Veare,eveareia@icq.com,Female,131.176.76.174,Apt 1822
Elaina,Zmitrichenko,ezmitrichenkoib@amazon.de,Genderqueer,203.215.194.106,5th Floor
Hunter,Baudesson,hbaudessonic@bloomberg.com,Male,60.233.244.36,Room 1747
Georgie,Karlowicz,gkarlowiczid@wix.com,Male,165.167.88.20,Apt 1134
Aurea,Riditch,ariditchie@goodreads.com,Female,56.125.28.214,Apt 228
Harrie,Oliphard,holiphardif@bing.com,Female,119.224.43.33,PO Box 21277
Mack,Liddiatt,mliddiattig@printfriendly.com,Male,201.211.207.169,Suite 49
Susana,Clayton,sclaytonih@cdbaby.com,Female,192.244.112.22,Suite 58
Chauncey,Summerson,csummersonii@wikispaces.com,Male,35.114.89.39,Apt 481
Kasper,Caulier,kcaulierij@google.de,Male,120.48.27.37,Apt 325
Vanni,Belfit,vbelfitik@chron.com,Female,223.182.95.38,Room 1593
Roy,McCall,rmccallil@macromedia.com,Male,77.42.145.126,PO Box 70934
Mathias,Hensmans,mhensmansim@google.com.hk,Male,243.183.36.234,Suite 56
Barri,Farryann,bfarryannin@ameblo.jp,Male,2.160.131.190,5th Floor
Sonia,Abdy,sabdyio@wsj.com,Female,240.114.253.156,PO Box 95473
Monty,Overy,moveryip@jimdo.com,Male,100.91.67.157,PO Box 13972
Templeton,Ormston,tormstoniq@usgs.gov,Male,78.22.222.43,Apt 638
Mariska,Charity,mcharityir@loc.gov,Non-binary,66.51.38.38,Suite 19
Ophelia,Jelkes,ojelkesis@wordpress.com,Female,196.93.234.191,Room 807
Dee dee,Pinchon,dpinchonit@nymag.com,Agender,171.74.122.203,Apt 1084
Raul,Dunbar,rdunbariu@ucoz.ru,Male,229.27.114.43,2nd Floor
Julie,Bloxsum,jbloxsumiv@dot.gov,Female,208.231.101.109,Apt 1908
Faun,Mithon,fmithoniw@ibm.com,Female,121.195.40.87,PO Box 43331
Desmund,Yakunikov,dyakunikovix@uiuc.edu,Male,198.247.126.64,Apt 311
Phillida,Maytom,pmaytomiy@flickr.com,Female,246.200.62.104,Suite 60
Kerr,Sully,ksullyiz@webnode.com,Male,255.16.30.0,9th Floor
Cozmo,Glabach,cglabachj0@scribd.com,Male,95.170.189.56,PO Box 1981
Jobi,Lambirth,jlambirthj1@google.com.hk,Female,23.177.201.40,Suite 38
Harriett,Isaksson,hisakssonj2@google.co.jp,Female,189.15.56.31,Apt 1564
Randal,Hempshall,rhempshallj3@techcrunch.com,Male,196.187.248.85,Room 1411
Hardy,Deniso,hdenisoj4@yelp.com,Male,0.88.192.11,Apt 584
Nertie,Corssen,ncorssenj5@google.it,Bigender,60.173.21.46,12th Floor
Mick,Mahaddy,mmahaddyj6@reverbnation.com,Male,62.102.209.193,Apt 1726
Wait,Thomassin,wthomassinj7@infoseek.co.jp,Bigender,162.18.59.51,Apt 995
Toby,Hollier,thollierj8@hibu.com,Bigender,5.241.47.7,7th Floor
Steven,Gook,sgookj9@hp.com,Male,235.135.53.225,Suite 26
Torrey,Mulqueeny,tmulqueenyja@google.ru,Male,155.183.191.57,Suite 90
Sunny,Aves,savesjb@businessinsider.com,Female,98.7.149.191,Apt 1216
Malchy,Cranny,mcrannyjc@facebook.com,Male,233.233.53.106,8th Floor
Harmon,Coale,hcoalejd@cloudflare.com,Male,99.134.115.157,Suite 80
Noel,Lawleff,nlawleffje@nydailynews.com,Male,26.114.157.30,Room 879
Theodosia,Binney,tbinneyjf@phoca.cz,Female,44.194.188.57,20th Floor
Nicholle,Christophersen,nchristophersenjg@ebay.com,Female,225.64.34.0,Room 1910
Fredericka,Santorini,fsantorinijh@goo.ne.jp,Female,211.236.172.72,16th Floor
Grace,Lebreton,glebretonji@deviantart.com,Male,52.5.111.197,Suite 52
Ginevra,Henrot,ghenrotjj@a8.net,Female,64.108.179.45,Apt 1147
Jacky,Roubeix,jroubeixjk@1688.com,Female,51.93.198.132,Suite 78
Engelbert,Burnside,eburnsidejl@uol.com.br,Male,177.86.20.192,Suite 28
Lavina,Bonnavant,lbonnavantjm@abc.net.au,Female,193.203.134.49,PO Box 75595
Artur,Humes,ahumesjn@sitemeter.com,Bigender,14.75.175.163,Room 631
Manya,Goranov,mgoranovjo@netvibes.com,Female,59.109.231.108,PO Box 69958
Lauretta,Steele,lsteelejp@nyu.edu,Female,15.212.116.194,Room 1712
Veronica,Pawels,vpawelsjq@earthlink.net,Female,114.16.40.253,Suite 6
Jena,Picker,jpickerjr@flavors.me,Female,88.69.210.146,Apt 681
Nessy,Gilffillan,ngilffillanjs@hao123.com,Female,216.55.111.202,3rd Floor
Luce,Haggerston,lhaggerstonjt@abc.net.au,Male,159.18.165.253,PO Box 34100
Timmi,Cranny,tcrannyju@twitter.com,Female,215.74.208.248,Room 1118
Theo,Galletley,tgalletleyjv@youku.com,Male,67.141.48.111,PO Box 27022
Jessey,Folbig,jfolbigjw@tripadvisor.com,Male,217.49.178.103,10th Floor
Hubey,Castagneto,hcastagnetojx@google.pl,Male,53.32.222.123,Suite 40
Giraud,Thomassin,gthomassinjy@thetimes.co.uk,Male,213.68.15.218,Room 1825
Guglielmo,Eastway,geastwayjz@t-online.de,Male,201.242.199.62,Apt 105
Ellie,Symondson,esymondsonk0@dailymail.co.uk,Female,204.197.139.99,Apt 611
Rubina,Rosbrough,rrosbroughk1@pinterest.com,Female,177.243.149.89,6th Floor
Brit,O'Ruane,boruanek2@technorati.com,Female,190.73.206.244,5th Floor
Dorice,Clapison,dclapisonk3@linkedin.com,Female,175.81.249.114,10th Floor
Gwenore,Jolliman,gjollimank4@youtu.be,Female,245.172.98.102,9th Floor
Prudi,Franssen,pfranssenk5@mail.ru,Female,119.214.94.18,Suite 95
Ruttger,MacMenamin,rmacmenamink6@bloomberg.com,Male,198.32.74.23,19th Floor
Rex,Northage,rnorthagek7@uiuc.edu,Male,217.140.206.5,9th Floor
Giordano,Thrasher,gthrasherk8@last.fm,Male,129.85.187.50,Apt 340
Kingsley,Rivalant,krivalantk9@newsvine.com,Male,40.193.19.59,Suite 89
Woodrow,Howland,whowlandka@redcross.org,Male,179.93.44.185,Suite 85
Worthy,Leckie,wleckiekb@omniture.com,Male,110.250.182.161,Room 844
Jeannie,Melvin,jmelvinkc@wisc.edu,Female,46.141.154.28,Apt 1363
Diannne,Lindstrom,dlindstromkd@biglobe.ne.jp,Female,240.247.98.236,Suite 28
Jone,Hinrichsen,jhinrichsenke@slashdot.org,Male,44.101.30.138,PO Box 76693
Pren,Blamphin,pblamphinkf@theatlantic.com,Male,136.12.190.184,8th Floor
Steffane,McMonies,smcmonieskg@nydailynews.com,Female,118.63.74.91,8th Floor
Audy,Stanhope,astanhopekh@amazon.co.jp,Female,143.121.5.140,PO Box 7793
Chic,Savile,csavileki@arstechnica.com,Male,53.169.182.235,Room 525
Heidi,Marley,hmarleykj@prweb.com,Female,244.251.198.194,Room 1692
Conrade,Siaspinski,csiaspinskikk@usatoday.com,Male,18.134.94.84,PO Box 48484
Chucho,Splevins,csplevinskl@a8.net,Male,133.134.146.209,Suite 49
Corby,Zambonini,czamboninikm@oracle.com,Male,228.62.45.182,3rd Floor
Lovell,Frossell,lfrossellkn@indiegogo.com,Male,61.116.212.9,Suite 29
Bel,Bartolozzi,bbartolozziko@intel.com,Female,168.115.34.219,Suite 43
Pennie,Stothert,pstothertkp@wikia.com,Male,109.215.159.230,PO Box 73698
Minta,Bugbee,mbugbeekq@cpanel.net,Genderfluid,52.177.73.196,Apt 1131
Katerina,Winman,kwinmankr@prlog.org,Genderqueer,32.108.195.234,17th Floor
Quill,Rentelll,qrentelllks@vkontakte.ru,Agender,234.20.68.169,Suite 27
Aubrey,Guiduzzi,aguiduzzikt@nasa.gov,Female,78.130.253.43,Suite 86
Purcell,Cleeton,pcleetonku@cbc.ca,Male,66.129.8.151,11th Floor
Christopher,Priver,cpriverkv@mayoclinic.com,Male,24.19.251.207,Room 614
Sallyanne,Lilford,slilfordkw@toplist.cz,Female,172.159.196.63,Apt 1
Eliza,Lightewood,elightewoodkx@adobe.com,Female,241.225.247.52,Suite 41
Kenyon,Errichiello,kerrichielloky@princeton.edu,Male,244.171.165.143,Room 1287
Araldo,Gwinnett,agwinnettkz@seesaa.net,Male,39.69.117.135,19th Floor
Cyrus,O'Shiels,coshielsl0@themeforest.net,Male,74.14.9.247,Room 1569
Amii,Sineath,asineathl1@phpbb.com,Female,222.250.160.162,Suite 74
Mireille,Orrett,morrettl2@purevolume.com,Female,190.238.110.175,Room 611
Doro,Ellacombe,dellacombel3@wisc.edu,Bigender,223.144.185.217,PO Box 72279
Burton,Thatcham,bthatchaml4@google.ca,Male,75.15.14.230,Suite 90
Derk,Temperley,dtemperleyl5@google.fr,Male,75.33.32.69,Suite 24
Inness,Mallock,imallockl6@i2i.jp,Male,180.77.248.109,Apt 1421
Panchito,Oleszczak,poleszczakl7@surveymonkey.com,Male,105.165.154.182,PO Box 82416
Michele,McCawley,mmccawleyl8@privacy.gov.au,Female,62.237.2.177,Room 812
Averill,Howlett,ahowlettl9@bloglovin.com,Male,181.212.60.41,1st Floor
Guglielma,Sephton,gsephtonla@aol.com,Female,24.54.191.91,PO Box 52111
Zsazsa,Corss,zcorsslb@statcounter.com,Female,38.208.90.141,14th Floor
Marijo,Rentelll,mrentellllc@google.com,Female,223.177.24.70,Suite 29
Honor,Davitashvili,hdavitashvilild@telegraph.co.uk,Female,29.88.171.2,PO Box 55088
Guglielma,Willavoys,gwillavoysle@newyorker.com,Bigender,225.122.0.228,Apt 238
Wendell,Deware,wdewarelf@biblegateway.com,Male,180.247.41.214,Apt 1462
Ninetta,Saundercock,nsaundercocklg@unesco.org,Female,126.147.221.131,Apt 617
Cherye,Gwinnett,cgwinnettlh@hatena.ne.jp,Female,10.66.179.2,PO Box 46294
Leigh,Durnford,ldurnfordli@mapy.cz,Female,140.207.9.191,12th Floor
Eddie,Bloss,eblosslj@cam.ac.uk,Female,125.20.207.22,Room 1241
Cristin,Thatcher,cthatcherlk@multiply.com,Polygender,170.248.107.234,Room 1818
Carr,Millthorpe,cmillthorpell@wufoo.com,Male,126.22.84.22,10th Floor
Kristo,Seignior,kseigniorlm@free.fr,Male,67.25.174.57,Apt 1149
Jarrad,Moryson,jmorysonln@blogspot.com,Male,55.193.201.106,Suite 78
Drucy,Giacoppoli,dgiacoppolilo@europa.eu,Female,0.133.135.58,Room 708
Mirelle,Grigg,mgrigglp@businessweek.com,Female,143.216.10.140,Suite 78
Giustino,Doust,gdoustlq@nhs.uk,Male,14.206.20.150,Apt 1383
Abbe,De Cruce,adecrucelr@prweb.com,Female,9.12.86.242,Suite 11
Elmer,Edmonson,eedmonsonls@paypal.com,Male,224.248.17.47,PO Box 26797
Devy,Van Brug,dvanbruglt@twitter.com,Male,68.247.225.245,Suite 61
Garret,Ricardo,gricardolu@fema.gov,Male,155.172.97.235,3rd Floor
Thibaut,Plaister,tplaisterlv@bizjournals.com,Male,162.220.171.139,Suite 61
Abbey,Maas,amaaslw@com.com,Male,217.160.41.175,PO Box 59625
Ingeberg,Abad,iabadlx@blog.com,Female,169.63.108.1,PO Box 27765
Gordie,Bartos,gbartosly@java.com,Male,187.196.229.240,Suite 4
Karlis,Beesley,kbeesleylz@vk.com,Male,196.252.71.178,Room 1305
Arden,Geratt,agerattm0@gizmodo.com,Female,135.102.196.241,Apt 1079
Job,Woodthorpe,jwoodthorpem1@macromedia.com,Male,36.51.244.103,Apt 1680
Benton,Kingerby,bkingerbym2@technorati.com,Male,130.112.91.95,9th Floor
Balduin,Speerman,bspeermanm3@apple.com,Male,22.184.180.2,Suite 30
Donaugh,Parysiak,dparysiakm4@fda.gov,Male,239.144.134.111,Apt 703
Madelle,Clifford,mcliffordm5@examiner.com,Female,193.122.49.213,Room 1187
Melonie,Woonton,mwoontonm6@cloudflare.com,Female,49.213.24.71,Suite 92
Emmaline,Prebble,eprebblem7@bloglovin.com,Female,161.249.207.54,PO Box 59244
Grier,Barnish,gbarnishm8@seesaa.net,Female,229.180.25.5,6th Floor
Fanny,Girardy,fgirardym9@usnews.com,Female,110.4.116.4,PO Box 38429
Cathleen,Haresnaip,charesnaipma@pbs.org,Female,239.111.53.202,8th Floor
Darrelle,Loudon,dloudonmb@home.pl,Female,129.100.93.64,Suite 66
Gerrard,Tottle,gtottlemc@google.ca,Male,214.0.89.202,Suite 54
Ira,Munns,imunnsmd@noaa.gov,Male,174.22.172.255,9th Floor
Annis,Pickup,apickupme@bigcartel.com,Female,15.59.66.154,Suite 1
Hubey,Apperley,happerleymf@theguardian.com,Male,98.127.204.101,PO Box 47489
Cheryl,Jellico,cjellicomg@eepurl.com,Female,42.84.82.16,Room 1019
Caryn,Cursons,ccursonsmh@twitpic.com,Female,252.49.13.12,Room 1201
Bertine,Basezzi,bbasezzimi@ft.com,Female,162.235.155.78,Room 876
De,Ladell,dladellmj@scientificamerican.com,Female,166.151.79.23,Apt 1437
Maxim,Skiplorne,mskiplornemk@sogou.com,Male,181.213.30.84,PO Box 4905
Jaquith,Jellings,jjellingsml@hexun.com,Female,22.122.148.63,Suite 27
Hillard,Scoates,hscoatesmm@mtv.com,Male,231.100.69.169,Room 715
Debora,Anwyl,danwylmn@dailymail.co.uk,Polygender,248.52.114.242,Room 917
Felicio,Sammonds,fsammondsmo@webnode.com,Male,239.18.38.114,15th Floor
Brana,Tarquinio,btarquiniomp@yandex.ru,Female,17.194.105.74,Apt 1607
Marylin,Larret,mlarretmq@ucoz.com,Female,162.251.41.184,Room 227
Teresa,Bernhardi,tbernhardimr@hud.gov,Female,158.102.32.12,Apt 490
Bearnard,Jelphs,bjelphsms@engadget.com,Male,243.114.154.243,PO Box 80409
Desi,Honatsch,dhonatschmt@networksolutions.com,Genderqueer,37.131.241.218,Suite 77
Harri,Duffy,hduffymu@usa.gov,Polygender,202.134.93.152,Apt 1671
Joseito,Van der Brug,jvanderbrugmv@usa.gov,Male,81.3.30.198,Room 687
Giorgi,Shearer,gshearermw@friendfeed.com,Male,15.62.87.249,Room 1443
Retha,Adrain,radrainmx@nih.gov,Female,225.87.231.90,Suite 27
Hyatt,Jansie,hjansiemy@domainmarket.com,Male,13.61.155.153,Room 275
Marwin,Markwell,mmarkwellmz@epa.gov,Male,120.225.153.122,Room 857
Becka,Hoyte,bhoyten0@xing.com,Female,227.112.124.57,Suite 78
Yul,Helling,yhellingn1@umich.edu,Male,180.137.187.218,Room 278
Stacia,Spancock,sspancockn2@fastcompany.com,Female,235.4.184.90,Apt 751
Othilie,Juniper,ojunipern3@vkontakte.ru,Female,51.85.143.233,PO Box 48606
Quinn,Dowzell,qdowzelln4@msn.com,Male,56.89.51.33,Room 1182
Randie,Lanktree,rlanktreen5@seattletimes.com,Female,133.171.132.185,14th Floor
Kissee,Sykes,ksykesn6@ted.com,Female,161.222.200.150,12th Floor
Martina,Joskovitch,mjoskovitchn7@google.nl,Female,221.214.60.27,Apt 1567
Andie,Gleadhall,agleadhalln8@adobe.com,Male,101.5.174.77,PO Box 48710
Evaleen,Couper,ecoupern9@blogspot.com,Female,78.71.30.43,PO Box 2890
Drona,Videneev,dvideneevna@ycombinator.com,Female,209.53.140.246,Apt 1289
Lemmie,Bossel,lbosselnb@ameblo.jp,Male,101.231.147.128,Room 1065
Murdoch,Latch,mlatchnc@nature.com,Polygender,246.98.40.126,10th Floor
Opaline,Marcus,omarcusnd@so-net.ne.jp,Polygender,37.230.107.237,PO Box 34726
Madlen,Pine,mpinene@wp.com,Female,138.84.40.32,Room 1710
Brew,Whittlesey,bwhittleseynf@sakura.ne.jp,Male,208.151.77.125,PO Box 2408
Sanderson,Celes,scelesng@webnode.com,Male,200.68.197.247,Suite 59
Aloin,Waghorn,awaghornnh@europa.eu,Male,230.174.90.105,Room 40
Erik,Amery,eameryni@unesco.org,Male,14.73.153.203,Suite 38
Hilton,Eggle,hegglenj@printfriendly.com,Male,217.35.191.227,PO Box 61944
Boothe,Ondricek,bondriceknk@disqus.com,Male,43.71.241.130,6th Floor
Clareta,Got,cgotnl@goo.ne.jp,Female,140.37.2.200,Suite 42
Mignon,Heigho,mheighonm@nba.com,Genderqueer,9.15.90.49,Room 1016
Stewart,Lambin,slambinnn@soundcloud.com,Male,80.5.133.123,14th Floor
Cilka,Kohlerman,ckohlermanno@cnbc.com,Female,212.77.175.138,PO Box 75993
Theda,Burchmore,tburchmorenp@baidu.com,Female,70.22.240.86,Room 1000
Nobe,Ksandra,nksandranq@feedburner.com,Male,81.11.59.46,PO Box 30254
Dione,McMorland,dmcmorlandnr@hexun.com,Female,60.186.230.238,PO Box 87609
Robbert,Ales,ralesns@hc360.com,Male,101.37.239.180,18th Floor
Haley,Chessun,hchessunnt@army.mil,Male,184.64.143.10,13th Floor
Jolyn,Bennellick,jbennellicknu@about.me,Female,76.53.202.254,7th Floor
Jillana,Bushaway,jbushawaynv@blogtalkradio.com,Female,229.78.135.161,20th Floor
Morten,Lambricht,mlambrichtnw@bloglines.com,Male,31.152.196.101,Apt 1215
Olivia,Lugden,olugdennx@cargocollective.com,Female,111.142.186.30,PO Box 56098
Rennie,Loraine,rloraineny@elegantthemes.com,Female,206.210.126.241,12th Floor
Dre,Silverstone,dsilverstonenz@amazon.com,Female,49.100.27.154,14th Floor
Taylor,Frissell,tfrissello0@google.co.uk,Male,99.145.167.138,Suite 78
Sutton,Sitlington,ssitlingtono1@usatoday.com,Male,62.23.4.164,Apt 1464
Lanita,Beglin,lbeglino2@cam.ac.uk,Female,218.126.38.107,Suite 77
Max,Skylett,mskyletto3@state.tx.us,Female,201.38.244.218,Room 624
Ragnar,Scruby,rscrubyo4@ameblo.jp,Male,36.98.92.145,Room 949
Bidget,Baston,bbastono5@hp.com,Female,244.217.62.29,Room 632
Yovonnda,Water,ywatero6@telegraph.co.uk,Genderfluid,173.128.42.83,Suite 87
Jayme,Rookes,jrookeso7@adobe.com,Male,194.165.22.50,Apt 302
Ilyse,Cornick,icornicko8@reference.com,Female,101.117.30.148,PO Box 50072
Sigvard,Coslitt,scoslitto9@istockphoto.com,Male,160.175.31.132,Room 1731
Innis,MacAleese,imacaleeseoa@columbia.edu,Male,56.174.185.61,Suite 82
Kalvin,Gino,kginoob@wikipedia.org,Male,118.237.172.241,17th Floor
Marijo,Woodgate,mwoodgateoc@gnu.org,Female,148.223.203.68,Room 1746
Shelly,Fabbri,sfabbriod@instagram.com,Female,230.225.79.34,Room 324
Marve,Burtonshaw,mburtonshawoe@ameblo.jp,Male,125.91.24.107,PO Box 3156
Waite,Sooley,wsooleyof@ibm.com,Male,77.120.186.159,Apt 1191
Ruthe,Hince,rhinceog@bluehost.com,Female,87.162.184.141,Room 1152
Crystal,Bugdell,cbugdelloh@behance.net,Female,94.184.54.54,Suite 18
Levin,Moyler,lmoyleroi@constantcontact.com,Male,140.225.57.107,13th Floor
Brice,Tapp,btappoj@timesonline.co.uk,Male,6.137.9.5,Apt 1612
Roddie,Busst,rbusstok@wikia.com,Male,26.132.156.231,Room 375
Flori,Woodburn,fwoodburnol@flickr.com,Bigender,57.224.161.184,PO Box 35221
Rube,Spilsburie,rspilsburieom@ihg.com,Male,159.249.111.240,PO Box 28707
Abel,Chaddock,achaddockon@example.com,Male,10.70.230.241,6th Floor
Barty,Swannack,bswannackoo@ihg.com,Male,91.99.9.108,Room 853
Lauren,Forrestill,lforrestillop@ask.com,Female,119.198.205.233,Room 1851
Elmo,Maughan,emaughanoq@umn.edu,Male,217.217.88.32,PO Box 70625
Cheston,Championnet,cchampionnetor@prnewswire.com,Male,185.149.234.81,16th Floor
Patti,Murthwaite,pmurthwaiteos@geocities.jp,Female,57.33.184.235,Apt 1262
Alecia,Ivashov,aivashovot@go.com,Female,47.75.171.5,Room 1766
Rania,Kryzhov,rkryzhovou@berkeley.edu,Non-binary,60.116.20.247,Room 705
Ileane,Taffee,itaffeeov@youku.com,Female,199.126.172.59,PO Box 5449
Sherilyn,Dugan,sduganow@globo.com,Female,78.161.162.182,15th Floor
Coreen,McBain,cmcbainox@house.gov,Genderqueer,101.149.215.102,Suite 8
Clarabelle,Sawell,csawelloy@diigo.com,Female,244.149.141.63,Room 938
Suzette,Iacovazzi,siacovazzioz@globo.com,Female,94.236.126.125,Room 349
Loree,Donet,ldonetp0@discovery.com,Female,186.23.248.55,Suite 58
Fey,Story,fstoryp1@zdnet.com,Female,36.129.164.45,19th Floor
Charyl,Roddy,croddyp2@sina.com.cn,Female,133.116.204.66,14th Floor
Bowie,De la Yglesias,bdelayglesiasp3@phpbb.com,Male,109.22.75.170,Suite 63
Lucina,Sefton,lseftonp4@arstechnica.com,Female,34.136.228.206,Apt 270
Jamima,Capehorn,jcapehornp5@bloomberg.com,Female,183.119.97.207,Apt 214
Cornall,Grayne,cgraynep6@usda.gov,Male,200.174.180.215,Room 140
Bertrando,Woollhead,bwoollheadp7@jigsy.com,Male,123.179.25.192,PO Box 22989
Piper,Aikin,paikinp8@clickbank.net,Female,69.50.136.61,Suite 8
Lurleen,Hecks,lhecksp9@a8.net,Female,65.83.86.25,17th Floor
Cesaro,Yurlov,cyurlovpa@engadget.com,Male,153.122.103.203,Room 1893
Rinaldo,Auchinleck,rauchinleckpb@geocities.jp,Male,226.132.99.32,10th Floor
Janna,Perico,jpericopc@trellian.com,Female,173.107.8.252,10th Floor
Hendrick,Harbord,hharbordpd@ezinearticles.com,Male,81.4.105.165,PO Box 69080
Iosep,Beacham,ibeachampe@google.com.au,Male,24.26.19.111,Apt 1495
Rory,Keig,rkeigpf@myspace.com,Male,32.150.182.222,Room 1144
Friedrick,Pegden,fpegdenpg@mapy.cz,Male,188.212.150.160,Room 183
Anny,Rathmell,arathmellph@weibo.com,Genderfluid,221.64.62.35,13th Floor
Theodosia,Dumphries,tdumphriespi@geocities.jp,Female,160.247.158.55,19th Floor
Inglebert,Richard,irichardpj@spotify.com,Male,205.9.157.177,PO Box 15709
Elaine,Walkden,ewalkdenpk@theguardian.com,Female,160.254.201.157,Room 920
Cassaundra,Pacitti,cpacittipl@google.cn,Female,171.226.42.56,Room 269
Pip,Cleyne,pcleynepm@admin.ch,Male,244.37.93.32,Suite 38
Katherine,Hargrove,khargrovepn@skype.com,Female,226.22.192.49,4th Floor
Peggi,Whapples,pwhapplespo@trellian.com,Female,63.85.212.217,Room 1567
Hy,Wapple,hwapplepp@ca.gov,Male,39.9.194.85,PO Box 69168
Peyton,Chesser,pchesserpq@dion.ne.jp,Male,29.186.164.207,6th Floor
Eran,Oldcote,eoldcotepr@mail.ru,Female,32.100.12.162,PO Box 895
Carrol,Di Biasio,cdibiasiops@google.com.au,Male,85.229.159.129,15th Floor
Casandra,Cant,ccantpt@bravesites.com,Female,16.86.49.91,Suite 6
Keefer,Belleny,kbellenypu@php.net,Male,79.111.27.62,Room 382
Dene,Pash,dpashpv@networkadvertising.org,Male,201.143.4.106,Apt 252
Laurent,Ebbing,lebbingpw@mail.ru,Male,195.56.102.75,Apt 138
Mile,Denington,mdeningtonpx@elegantthemes.com,Male,144.32.51.45,14th Floor
Wilhelmina,Skillett,wskillettpy@imdb.com,Non-binary,134.137.124.206,Apt 432
Hymie,Stainland,hstainlandpz@goodreads.com,Genderfluid,166.242.61.88,Suite 27
Allie,Shuttleworth,ashuttleworthq0@usnews.com,Female,156.191.209.30,PO Box 23313
Katti,Acosta,kacostaq1@hugedomains.com,Female,124.62.105.45,Apt 1861
Camille,Tourle,ctourleq2@amazon.com,Female,97.105.188.151,Room 1198
Mohammed,Ianson,miansonq3@topsy.com,Male,146.148.170.171,PO Box 46160
Marrissa,Bleythin,mbleythinq4@google.ru,Female,169.56.194.188,Apt 209
Leese,Duxbury,lduxburyq5@phpbb.com,Female,45.138.181.99,Apt 998
Ardenia,Kennealy,akennealyq6@reference.com,Female,102.14.57.62,20th Floor
Oralla,Lafflin,olafflinq7@sun.com,Female,224.248.14.46,Room 418
Yves,Gutridge,ygutridgeq8@canalblog.com,Male,57.225.87.13,Suite 71
Valentino,Klaes,vklaesq9@cmu.edu,Male,171.42.109.235,Apt 1066
Vergil,Magister,vmagisterqa@ocn.ne.jp,Male,214.22.210.53,PO Box 38295
Gratia,Thraves,gthravesqb@nba.com,Female,205.147.164.72,15th Floor
Pembroke,Lacky,plackyqc@newsvine.com,Male,3.102.235.8,Room 611
D'arcy,Larose,dlaroseqd@angelfire.com,Male,144.153.167.5,1st Floor
Wanids,Shoulders,wshouldersqe@xrea.com,Female,205.236.106.16,Room 1106
Franky,Stebbings,fstebbingsqf@altervista.org,Male,254.14.97.172,Suite 12
Hewet,Malim,hmalimqg@eepurl.com,Male,127.36.154.85,Suite 31
Felicio,Bote,fboteqh@ihg.com,Male,90.25.18.53,PO Box 43154
Pasquale,Weld,pweldqi@odnoklassniki.ru,Male,99.247.66.133,Suite 3
Thomas,Mowne,tmowneqj@harvard.edu,Male,243.12.112.225,Apt 888
Johann,Di Francecshi,jdifrancecshiqk@buzzfeed.com,Male,188.154.118.235,PO Box 96701
Augustine,Latch,alatchql@dedecms.com,Male,108.122.94.153,Suite 29
Edward,Crankhorn,ecrankhornqm@toplist.cz,Male,96.106.128.191,Apt 1932
Bevin,Dickens,bdickensqn@gizmodo.com,Male,202.61.179.206,Apt 1420
Curran,Patrick,cpatrickqo@t.co,Male,144.60.130.88,PO Box 29984
Bruno,Goulborn,bgoulbornqp@shinystat.com,Male,216.202.28.31,PO Box 66380
Brear,Cooch,bcoochqq@businessinsider.com,Female,43.29.18.157,Apt 1012
Ilise,Smy,ismyqr@freewebs.com,Female,148.208.220.150,Room 1542
Roberto,Dyshart,rdyshartqs@themeforest.net,Male,94.193.21.1,PO Box 98543
Ravi,Wathell,rwathellqt@constantcontact.com,Male,117.76.248.50,Room 1410
Ellyn,Scantlebury,escantleburyqu@tinyurl.com,Female,143.84.209.105,2nd Floor
Kelcey,Kield,kkieldqv@google.nl,Female,140.57.207.216,Apt 640
Cyndia,Hallbird,challbirdqw@who.int,Female,17.125.179.80,12th Floor
Barbara-anne,Stiant,bstiantqx@seattletimes.com,Female,133.161.11.29,Suite 37
Julee,Tabbitt,jtabbittqy@jalbum.net,Female,72.196.161.100,14th Floor
Stanwood,Oxterby,soxterbyqz@cnn.com,Male,224.8.197.13,Room 199
Fonzie,Brayshaw,fbrayshawr0@dmoz.org,Male,120.36.103.117,Room 1032
Pamela,Braiden,pbraidenr1@ebay.com,Female,120.69.241.151,Apt 1157
Rhody,Fawcitt,rfawcittr2@jimdo.com,Female,16.95.209.2,Suite 19
Chelsy,Okie,cokier3@senate.gov,Female,191.90.201.45,Apt 872
Eddy,Cayford,ecayfordr4@hud.gov,Male,229.234.102.254,Room 1685
Rene,Layson,rlaysonr5@timesonline.co.uk,Female,224.157.195.223,PO Box 54294
Kahlil,Kier,kkierr6@google.nl,Male,180.109.254.241,14th Floor
Cirillo,Fawson,cfawsonr7@flickr.com,Male,226.221.236.78,Suite 92
Alane,Diboll,adibollr8@sciencedirect.com,Female,190.110.70.77,Apt 1834
Phillie,Waliszek,pwaliszekr9@so-net.ne.jp,Female,13.231.76.231,Room 1978
Geoffry,Scedall,gscedallra@cdc.gov,Male,253.222.70.178,PO Box 9806
Celine,Gash,cgashrb@npr.org,Female,200.138.206.203,Apt 1485
Beverley,Vannini,bvanninirc@networksolutions.com,Female,118.164.198.191,Apt 1778
Millisent,Fiddian,mfiddianrd@networksolutions.com,Non-binary,87.243.56.154,Room 598
Elizabet,Ashburner,eashburnerre@marketwatch.com,Female,134.194.38.145,PO Box 13018
Neddy,Urry,nurryrf@dailymotion.com,Male,71.243.150.12,Room 488
Randolph,Leale,rlealerg@bravesites.com,Male,120.56.125.48,Apt 1581
Alonzo,Bruster,abrusterrh@rediff.com,Male,121.218.55.151,PO Box 34335
Brandise,De Witt,bdewittri@usa.gov,Female,223.54.175.148,Suite 50
Krystalle,Sharpley,ksharpleyrj@edublogs.org,Female,110.203.101.126,PO Box 62715
Sada,McParland,smcparlandrk@nsw.gov.au,Female,83.0.128.232,Suite 66
Normy,Gamble,ngamblerl@cdc.gov,Male,211.247.27.172,10th Floor
Lynnell,Churchin,lchurchinrm@purevolume.com,Female,46.17.135.94,16th Floor
Meris,Dobbins,mdobbinsrn@ustream.tv,Female,109.254.11.204,Suite 30
Darill,Anscombe,danscombero@narod.ru,Male,61.213.14.241,PO Box 21074
Rube,Cowely,rcowelyrp@wikia.com,Male,159.77.90.52,13th Floor
Jeth,O' Borne,jobornerq@bloglines.com,Male,68.180.69.211,PO Box 88060
Ertha,Portt,eporttrr@tuttocitta.it,Female,123.129.30.135,Suite 28
